{"cameraMode":{"drawMode":0,"name":"Shaded","section":"Shading Mode"},"sceneLighting":true,"audioPlay":false,"sceneViewState":{"m_AlwaysRefresh":true,"showFog":true,"showSkybox":true,"showFlares":true,"showImageEffects":true,"showParticleSystems":true,"showVisualEffectGraphs":true,"m_FxEnabled":true},"in2DMode":false,"pivot":{"x":13.24843978881836,"y":3.180891990661621,"z":100.52264404296875},"rotation":{"x":-0.03669966384768486,"y":-0.9626613259315491,"z":0.17070336639881135,"w":-0.20666930079460145},"size":1.421260952949524,"orthographic":false}