{"cameraMode":{"drawMode":0,"name":"Shaded","section":"Shading Mode"},"sceneLighting":false,"audioPlay":false,"sceneViewState":{"m_AlwaysRefresh":true,"showFog":true,"showSkybox":true,"showFlares":true,"showImageEffects":true,"showParticleSystems":true,"showVisualEffectGraphs":true,"m_FxEnabled":true},"in2DMode":false,"pivot":{"x":27.32868766784668,"y":39.45050811767578,"z":123.55847930908203},"rotation":{"x":0.022849643602967264,"y":-0.9344829320907593,"z":0.3495241105556488,"w":0.06155700236558914},"size":4.905781269073486,"orthographic":false}