{"cameraMode":{"drawMode":0,"name":"Shaded","section":"Shading Mode"},"sceneLighting":false,"audioPlay":false,"sceneViewState":{"m_AlwaysRefresh":true,"showFog":true,"showSkybox":true,"showFlares":true,"showImageEffects":true,"showParticleSystems":true,"showVisualEffectGraphs":true,"m_FxEnabled":true},"in2DMode":false,"pivot":{"x":10.811463356018067,"y":-72.17974853515625,"z":-16.072921752929689},"rotation":{"x":-0.017975378781557084,"y":-0.8088302612304688,"z":0.5871448516845703,"w":-0.024756070226430894},"size":120.50849151611328,"orthographic":false}