{"cameraMode":{"drawMode":0,"name":"Shaded","section":"Shading Mode"},"sceneLighting":false,"audioPlay":false,"sceneViewState":{"m_AlwaysRefresh":true,"showFog":true,"showSkybox":true,"showFlares":true,"showImageEffects":true,"showParticleSystems":true,"showVisualEffectGraphs":true,"m_FxEnabled":true},"in2DMode":false,"pivot":{"x":17.067243576049806,"y":4.616878032684326,"z":90.60740661621094},"rotation":{"x":0.23608912527561189,"y":-0.3736323118209839,"z":0.09899360686540604,"w":0.8914499878883362},"size":0.8660253882408142,"orthographic":false}